Episode,Reward,Steps
0,-20.0,1011
1,-20.0,920
2,-21.0,886
3,-21.0,884
4,-19.0,1015
5,-21.0,887
6,-21.0,940
7,-21.0,764
8,-21.0,855
9,-20.0,843
10,-21.0,1051
11,-21.0,900
12,-20.0,1077
13,-21.0,1121
14,-21.0,843
15,-20.0,1008
16,-20.0,872
17,-19.0,966
18,-21.0,908
19,-21.0,826
20,-21.0,820
21,-20.0,844
22,-19.0,1001
23,-20.0,904
24,-19.0,1057
25,-20.0,912
26,-21.0,843
27,-21.0,884
28,-21.0,783
29,-20.0,927
30,-20.0,959
31,-21.0,794
32,-21.0,1032
33,-20.0,960
34,-21.0,871
35,-20.0,878
36,-21.0,944
37,-21.0,910
38,-21.0,824
39,-20.0,843
40,-21.0,884
41,-21.0,824
42,-21.0,912
43,-21.0,782
44,-21.0,905
45,-20.0,958
46,-20.0,930
47,-20.0,959
48,-20.0,921
49,-21.0,932
50,-18.0,1000
51,-21.0,792
52,-20.0,902
53,-20.0,964
54,-21.0,948
55,-21.0,783
56,-21.0,802
57,-20.0,930
58,-21.0,934
59,-21.0,910
60,-21.0,888
61,-21.0,825
62,-21.0,931
63,-21.0,822
64,-20.0,837
65,-20.0,842
66,-21.0,875
67,-21.0,824
68,-20.0,940
69,-21.0,848
70,-21.0,886
71,-19.0,1038
72,-20.0,1028
73,-21.0,792
74,-21.0,1006
75,-21.0,783
76,-20.0,870
77,-21.0,884
78,-21.0,826
79,-21.0,824
80,-21.0,843
81,-20.0,921
82,-21.0,885
83,-21.0,852
84,-21.0,886
85,-19.0,1038
86,-20.0,838
87,-20.0,842
88,-21.0,783
89,-21.0,824
90,-21.0,843
91,-21.0,824
92,-21.0,871
93,-21.0,902
94,-21.0,822
95,-20.0,906
96,-19.0,1026
97,-21.0,854
98,-21.0,945
99,-21.0,870
100,-21.0,886
101,-21.0,871
102,-21.0,824
103,-21.0,826
104,-21.0,783
105,-21.0,964
106,-21.0,824
107,-20.0,843
108,-21.0,871
109,-21.0,824
110,-21.0,783
111,-20.0,838
112,-21.0,1000
113,-21.0,792
114,-20.0,977
115,-20.0,898
116,-21.0,843
117,-21.0,946
118,-21.0,811
119,-19.0,1070
120,-21.0,794
121,-21.0,824
122,-21.0,935
123,-20.0,921
124,-21.0,843
125,-20.0,885
126,-21.0,1004
127,-19.0,986
128,-20.0,1012
129,-20.0,962
130,-21.0,840
131,-21.0,812
132,-21.0,826
133,-19.0,938
134,-21.0,792
135,-21.0,886
136,-20.0,993
137,-21.0,783
138,-21.0,873
139,-21.0,783
140,-21.0,853
141,-18.0,1013
142,-21.0,852
143,-21.0,826
144,-21.0,813
145,-20.0,921
146,-21.0,854
147,-21.0,764
148,-20.0,974
149,-20.0,1056
150,-19.0,970
151,-20.0,982
152,-21.0,929
153,-20.0,974
154,-20.0,975
155,-21.0,929
156,-19.0,1031
157,-19.0,1253
158,-20.0,961
159,-20.0,1009
160,-20.0,1207
161,-20.0,1037
162,-19.0,1277
163,-18.0,1126
164,-20.0,1138
165,-18.0,1414
166,-20.0,1317
167,-20.0,1187
168,-19.0,1069
169,-18.0,1334
170,-19.0,1227
171,-20.0,1162
172,-18.0,1196
173,-18.0,1198
174,-20.0,1215
175,-18.0,1437
176,-18.0,1157
177,-21.0,1165
178,-18.0,1083
179,-20.0,1125
180,-19.0,1117
181,-20.0,1124
182,-21.0,1133
183,-17.0,1433
184,-17.0,1428
185,-17.0,1386
186,-19.0,1241
187,-21.0,1130
188,-18.0,1317
189,-15.0,1640
190,-17.0,1472
191,-21.0,910
192,-20.0,1157
193,-18.0,1321
194,-20.0,1231
195,-16.0,1516
196,-20.0,1107
197,-18.0,1355
198,-20.0,1131
199,-20.0,1195
200,-20.0,1314
201,-17.0,1438
202,-18.0,1383
203,-17.0,1448
204,-19.0,1442
205,-19.0,1182
206,-18.0,1427
207,-15.0,1651
208,-19.0,1298
209,-16.0,1486
210,-19.0,1354
211,-20.0,1278
212,-19.0,1387
213,-18.0,1347
214,-20.0,1330
215,-18.0,1507
216,-16.0,1545
217,-18.0,1374
218,-21.0,1208
219,-19.0,1384
220,-19.0,1425
221,-17.0,1554
222,-20.0,1496
223,-19.0,1334
224,-19.0,1335
225,-19.0,1318
226,-17.0,1582
227,-21.0,1142
228,-19.0,1386
229,-17.0,1542
230,-18.0,1485
231,-18.0,1461
232,-19.0,1433
233,-19.0,1345
234,-18.0,1428
235,-18.0,1473
236,-16.0,1741
237,-14.0,1886
238,-17.0,1488
239,-18.0,1346
240,-19.0,1447
241,-19.0,1284
242,-19.0,1243
243,-20.0,1369
244,-17.0,1424
245,-19.0,1333
246,-15.0,1546
247,-19.0,1355
248,-20.0,1453
249,-18.0,1423
250,-20.0,1483
251,-18.0,1491
252,-17.0,1502
253,-19.0,1494
254,-19.0,1470
255,-19.0,1481
256,-18.0,1451
257,-16.0,1711
258,-16.0,1519
259,-18.0,1560
260,-19.0,1521
261,-18.0,1602
262,-19.0,1508
263,-19.0,1476
264,-17.0,1438
265,-17.0,1511
266,-18.0,1332
267,-17.0,1740
268,-20.0,1557
269,-19.0,1650
270,-19.0,1570
271,-18.0,1536
272,-19.0,1485
273,-21.0,1464
274,-20.0,1576
275,-18.0,1549
276,-21.0,1326
277,-18.0,1658
278,-19.0,1808
279,-16.0,1837
280,-17.0,1788
281,-18.0,1665
282,-14.0,1951
283,-21.0,1457
284,-18.0,1591
285,-16.0,1667
286,-19.0,1623
287,-21.0,1535
288,-18.0,1718
289,-19.0,1500
290,-17.0,1749
291,-16.0,1923
292,-19.0,1677
293,-19.0,1921
294,-19.0,1837
295,-21.0,1369
296,-18.0,1734
297,-18.0,1954
298,-18.0,2166
299,-18.0,1736
300,-17.0,1877
301,-19.0,2008
302,-18.0,1673
303,-18.0,1792
304,-20.0,1244
305,-20.0,1525
306,-17.0,1796
307,-20.0,1993
308,-18.0,1981
309,-21.0,1741
310,-16.0,2314
311,-19.0,1827
312,-20.0,1905
313,-18.0,2164
314,-20.0,1978
315,-19.0,2247
316,-18.0,2144
317,-17.0,2164
318,-19.0,2017
319,-18.0,1944
320,-16.0,2474
321,-20.0,1822
322,-18.0,2097
323,-18.0,2263
324,-16.0,2317
325,-17.0,2791
326,-18.0,2054
327,-18.0,2193
328,-18.0,2281
329,-20.0,1859
330,-18.0,2256
331,-18.0,2221
332,-21.0,2217
333,-18.0,2316
334,-18.0,2163
335,-14.0,2111
336,-18.0,2149
337,-17.0,2275
338,-19.0,1866
339,-16.0,2214
340,-15.0,2107
341,-15.0,2268
342,-19.0,2089
343,-20.0,1895
344,-14.0,2307
345,-16.0,1981
346,-17.0,2091
347,-20.0,1855
348,-15.0,1996
349,-17.0,2246
350,-15.0,2370
351,-18.0,2143
352,-13.0,2057
353,-15.0,2254
354,-10.0,2730
355,-16.0,1961
356,-16.0,2109
357,-16.0,2093
358,-14.0,1934
359,-13.0,2328
360,-16.0,2077
361,-16.0,2028
362,-14.0,2155
363,-15.0,2067
364,-12.0,2203
365,-15.0,2293
366,-19.0,1452
367,-15.0,2626
368,-13.0,2264
369,-15.0,2151
370,-17.0,2220
371,-18.0,2021
372,-13.0,2897
373,-13.0,2500
374,-18.0,2830
375,-14.0,2592
376,-16.0,2656
377,-13.0,3038
378,-11.0,2892
379,-14.0,2185
380,-16.0,2197
381,-15.0,2339
382,-8.0,3619
383,-18.0,2850
384,-15.0,2809
385,-17.0,2438
386,-13.0,2979
387,-9.0,2587
388,-14.0,2604
389,-15.0,2894
390,-12.0,3327
391,-15.0,3089
392,-17.0,2818
393,-13.0,3172
394,-14.0,2568
395,-9.0,3670
396,-7.0,3596
397,-13.0,2832
398,-12.0,3337
399,-4.0,3602
400,-13.0,2644
401,-12.0,2574
402,-11.0,2972
403,-10.0,2970
404,-9.0,3073
405,-13.0,3439
406,-7.0,3414
407,-2.0,4950
408,-7.0,3371
409,6.0,3454
410,-4.0,3291
411,8.0,3029
412,-2.0,3515
413,-4.0,3617
414,1.0,3604
415,4.0,3163
416,5.0,3528
417,-2.0,3564
418,10.0,3022
419,9.0,2912
420,2.0,3696
421,10.0,3098
422,4.0,3662
423,19.0,1791
424,-5.0,3478
425,12.0,2580
426,5.0,3202
427,9.0,2832
428,-8.0,2584
429,16.0,2094
430,13.0,2412
431,13.0,2428
432,15.0,2379
433,19.0,1838
434,15.0,2262
435,14.0,2326
436,16.0,2302
437,11.0,2524
438,17.0,2016
439,17.0,2091
440,13.0,2288
441,12.0,2296
442,11.0,2788
443,3.0,3246
444,13.0,2472
445,2.0,3523
446,16.0,2130
447,15.0,2416
448,10.0,2793
449,12.0,2237
450,15.0,2308
451,16.0,2059
452,12.0,2421
453,15.0,2352
454,11.0,2535
455,9.0,2629
456,18.0,1963
457,13.0,2604
458,12.0,2752
459,18.0,2047
460,9.0,2955
461,10.0,2738
462,16.0,2253
463,12.0,2951
464,12.0,2780
465,13.0,2550
466,15.0,2442
467,11.0,2767
468,10.0,2610
469,18.0,2161
470,14.0,2473
471,9.0,2975
472,14.0,2858
473,15.0,2303
474,13.0,2559
475,12.0,3072
476,12.0,2815
477,6.0,3634
478,16.0,2411
479,14.0,2767
480,8.0,3579
481,9.0,2698
482,16.0,2618
483,15.0,2443
484,11.0,2707
485,14.0,2498
486,10.0,3345
487,14.0,2836
488,12.0,2835
489,15.0,2307
490,14.0,2530
491,11.0,2714
492,15.0,2497
493,15.0,2422
494,18.0,2051
495,19.0,1903
496,13.0,2544
497,14.0,2530
498,17.0,2160
499,16.0,2067
500,12.0,2711
501,16.0,2086
502,15.0,2168
503,15.0,2120
504,16.0,2336
505,17.0,2152
506,18.0,1942
507,10.0,3190
508,15.0,2262
509,18.0,2011
510,18.0,1926
511,17.0,2015
512,17.0,2006
513,16.0,2220
514,16.0,2201
515,15.0,2121
516,18.0,1878
517,18.0,1946
518,19.0,1899
519,19.0,2010
520,19.0,1911
521,18.0,2124
522,14.0,2376
523,15.0,2164
524,15.0,2151
525,19.0,1847
526,16.0,2015
527,19.0,1896
528,18.0,1994
529,20.0,1758
530,16.0,2082
531,16.0,2078
532,16.0,2182
533,18.0,1886
534,13.0,2779
535,17.0,2143
536,17.0,2099
537,15.0,2282
538,16.0,2078
539,18.0,2015
540,13.0,2276
541,16.0,2154
542,15.0,2245
543,13.0,2353
544,13.0,2593
545,14.0,2227
546,11.0,2764
547,17.0,2151
548,19.0,1868
549,18.0,2021
550,18.0,1933
551,16.0,2249
552,15.0,2155
553,15.0,2378
554,19.0,1962
555,11.0,2766
556,16.0,2190
557,17.0,2065
558,10.0,2980
559,15.0,2250
560,13.0,2390
561,17.0,2026
562,15.0,2265
563,18.0,2078
564,16.0,2243
565,18.0,1964
566,10.0,3050
567,14.0,2261
568,16.0,2217
569,18.0,2084
570,14.0,2424
571,15.0,2654
572,17.0,2071
573,19.0,1998
574,17.0,2108
575,15.0,2344
576,15.0,2474
577,18.0,1999
578,16.0,2200
579,16.0,2327
580,14.0,2438
581,19.0,1879
582,15.0,2485
583,13.0,2715
584,16.0,2074
585,20.0,1774
586,15.0,2499
587,20.0,1827
588,15.0,2383
589,19.0,1872
590,16.0,2195
591,18.0,1979
592,15.0,2334
593,16.0,2044
594,17.0,2154
595,16.0,2271
596,17.0,2463
597,17.0,2196
598,16.0,2543
599,16.0,2377
600,17.0,2242
601,15.0,2709
602,12.0,2575
603,19.0,1964
604,16.0,2214
605,12.0,2880
606,18.0,2122
607,14.0,2498
608,15.0,2293
609,16.0,2116
610,13.0,2537
611,15.0,2408
612,18.0,1951
613,17.0,2110
614,15.0,2144
615,19.0,1856
616,19.0,1983
617,19.0,1837
618,18.0,1966
619,14.0,2443
620,17.0,2035
621,17.0,2042
622,19.0,1808
623,13.0,2565
624,15.0,2353
625,20.0,1817
626,17.0,2069
627,15.0,2403
628,17.0,1979
629,19.0,2093
630,17.0,2058
631,14.0,2413
632,16.0,2109
633,19.0,1948
634,15.0,2331
635,18.0,1932
636,15.0,2374
637,18.0,2009
638,15.0,2512
639,20.0,1774
640,18.0,2115
641,13.0,2919
642,17.0,2075
643,18.0,2175
644,16.0,2196
645,18.0,2040
646,16.0,2096
647,16.0,2299
648,14.0,2274
649,18.0,2062
650,19.0,1889
651,19.0,1840
652,20.0,1813
653,21.0,1889
654,18.0,2109
655,19.0,1836
656,18.0,2265
657,18.0,2132
658,17.0,2135
659,18.0,1998
660,18.0,2055
661,19.0,1868
662,16.0,2378
663,18.0,2181
664,17.0,2151
665,16.0,2416
666,16.0,2479
667,19.0,1973
668,17.0,2211
669,20.0,1757
670,15.0,2576
671,18.0,2133
672,21.0,1706
673,18.0,2125
674,17.0,2014
675,18.0,2085
676,18.0,1916
677,15.0,2551
678,19.0,2037
679,16.0,2353
680,14.0,2556
681,17.0,1989
682,14.0,2503
683,13.0,2745
684,13.0,2681
685,18.0,2208
686,18.0,1858
687,19.0,1889
688,21.0,1786
689,17.0,2185
690,15.0,2367
691,15.0,2361
692,15.0,2354
693,16.0,2305
694,15.0,2576
695,19.0,1933
696,20.0,1803
697,16.0,2302
698,19.0,1858
699,17.0,2085
700,20.0,1894
701,19.0,1973
702,16.0,2191
703,14.0,2441
704,13.0,2878
705,17.0,2197
706,17.0,2150
707,18.0,1846
708,16.0,2317
709,17.0,2826
710,20.0,2163
711,16.0,2362
712,17.0,2786
713,17.0,2011
714,19.0,1884
715,16.0,2685
716,14.0,2340
717,21.0,1710
718,20.0,1909
719,19.0,1966
720,19.0,1842
721,20.0,1895
722,14.0,2496
723,18.0,2109
724,18.0,2067
725,18.0,2178
726,15.0,2267
727,20.0,1828
728,17.0,2119
729,17.0,2140
730,19.0,1941
731,18.0,2403
732,17.0,2282
733,19.0,1810
734,19.0,1837
735,17.0,2086
736,17.0,2423
737,17.0,2369
738,19.0,1828
739,18.0,2079
740,20.0,1836
741,18.0,1947
742,16.0,2492
743,16.0,2143
744,13.0,2208
745,18.0,1966
746,18.0,2049
747,19.0,1944
748,21.0,1705
749,14.0,2512
750,15.0,2294
751,17.0,2337
752,20.0,1837
753,12.0,2647
754,15.0,2198
755,19.0,2211
756,19.0,1950
757,17.0,2101
758,14.0,2624
759,16.0,2063
760,17.0,2183
761,15.0,2619
762,15.0,2267
763,16.0,2315
764,19.0,1895
765,20.0,1965
766,15.0,2320
767,18.0,2183
768,18.0,2251
769,14.0,2401
770,18.0,2041
771,19.0,2019
772,19.0,1979
773,14.0,2406
774,18.0,2054
775,17.0,2384
776,18.0,1958
777,17.0,2194
778,16.0,2186
779,15.0,2143
780,17.0,2228
781,17.0,2049
782,14.0,2610
783,16.0,2472
784,16.0,2221
785,16.0,2262
786,12.0,2942
787,20.0,1758
788,16.0,2135
789,18.0,2090
790,14.0,2754
791,18.0,2157
792,10.0,2369
793,16.0,2253
794,18.0,2072
795,18.0,1914
796,13.0,3102
797,17.0,2011
798,18.0,1989
799,19.0,2278
800,21.0,1903
801,21.0,1705
802,19.0,2056
803,19.0,2020
804,17.0,2100
805,14.0,2414
806,16.0,2438
807,18.0,2008
808,16.0,2296
809,15.0,2503
810,17.0,2227
811,19.0,1970
812,20.0,1833
813,15.0,2767
814,19.0,1867
815,18.0,2295
816,20.0,1939
817,16.0,2531
818,16.0,2300
819,20.0,1845
820,20.0,1760
821,20.0,1777
822,17.0,2245
823,16.0,2235
824,19.0,1960
825,16.0,2280
826,19.0,1892
827,19.0,1933
828,18.0,2108
829,16.0,2254
830,18.0,2182
831,14.0,2716
832,14.0,2432
833,19.0,1946
834,17.0,2154
835,17.0,2301
836,17.0,2366
837,18.0,2044
838,18.0,2053
839,19.0,1902
840,19.0,1974
841,18.0,2146
842,17.0,2034
843,16.0,2352
844,17.0,2620
845,13.0,2747
846,15.0,2291
847,14.0,2702
848,13.0,2404
849,19.0,2172
850,20.0,1774
851,18.0,1928
852,19.0,1866
853,17.0,2061
854,17.0,2071
855,20.0,1787
856,14.0,2455
857,15.0,2188
858,21.0,1742
859,18.0,2106
860,20.0,1967
861,16.0,2205
862,20.0,1970
863,15.0,2308
864,19.0,1813
865,16.0,2390
866,19.0,2199
867,20.0,1801
868,16.0,2488
869,19.0,1978
870,20.0,1778
871,21.0,1706
872,19.0,2124
873,17.0,2064
874,17.0,2316
875,16.0,2332
876,20.0,1789
877,20.0,1913
878,19.0,1856
879,20.0,1778
880,18.0,1978
881,15.0,2419
882,18.0,2338
883,18.0,1946
884,18.0,1939
885,18.0,1934
886,20.0,1897
887,19.0,1884
888,17.0,2088
889,17.0,2310
890,17.0,2075
891,19.0,1924
892,17.0,2058
893,17.0,2042
894,18.0,2222
895,18.0,2012
896,20.0,1800
897,20.0,1800
898,17.0,2011
899,19.0,1945
900,16.0,2326
901,19.0,1885
902,20.0,1939
903,19.0,1849
904,18.0,2256
905,17.0,2310
906,19.0,1838
907,18.0,2185
908,19.0,1881
909,19.0,2184
910,20.0,1777
911,17.0,2033
912,21.0,1705
913,17.0,2025
914,19.0,2254
915,16.0,2267
916,19.0,1922
917,18.0,1973
918,19.0,1854
919,19.0,1939
920,19.0,1853
921,21.0,1768
922,21.0,1706
923,20.0,1778
924,18.0,1990
925,20.0,1788
926,18.0,2128
927,20.0,1831
928,18.0,1937
929,15.0,2210
930,21.0,1708
931,17.0,2152
932,21.0,1786
933,20.0,1860
934,16.0,2240
935,17.0,2024
936,20.0,1894
937,20.0,1900
938,20.0,1788
939,19.0,2138
940,17.0,2107
941,15.0,2317
942,19.0,2044
943,17.0,2027
944,20.0,2164
945,12.0,2468
946,19.0,1886
947,16.0,2248
948,17.0,1934
949,16.0,2321
950,19.0,1970
951,20.0,1801
952,18.0,1923
953,18.0,2059
954,16.0,2390
955,17.0,2166
956,18.0,1948
957,12.0,2764
958,17.0,2074
959,20.0,1787
960,20.0,1847
961,18.0,1903
962,16.0,2344
963,15.0,2179
964,19.0,2049
965,19.0,1931
966,15.0,2480
967,21.0,1709
968,18.0,2272
969,16.0,2406
970,21.0,1706
971,16.0,2265
972,20.0,1769
973,21.0,1709
974,16.0,2488
975,15.0,2335
976,13.0,2628
977,14.0,2700
978,17.0,2076
979,18.0,1962
980,16.0,2404
981,18.0,2065
982,19.0,2241
983,16.0,2633
984,20.0,1786
985,18.0,2095
986,17.0,2207
987,18.0,2081
988,18.0,2297
989,17.0,2147
990,19.0,1972
991,15.0,2309
992,12.0,2827
993,18.0,2046
994,20.0,1788
995,16.0,2292
996,19.0,1887
997,18.0,2062
998,20.0,1791
999,20.0,1760
1000,21.0,1706
1001,16.0,2249
1002,16.0,2371
1003,16.0,2233
1004,19.0,2053
1005,19.0,2122
1006,18.0,2319
1007,19.0,1925
1008,19.0,2187
1009,19.0,2062
1010,20.0,1799
1011,19.0,1903
1012,18.0,2042
1013,19.0,1988
1014,20.0,1816
1015,15.0,2597
1016,20.0,1760
1017,17.0,1971
1018,18.0,1873
1019,18.0,1999
1020,16.0,2433
1021,20.0,1901
1022,18.0,2072
1023,17.0,2216
1024,18.0,2161
1025,20.0,1928
1026,19.0,2044
1027,20.0,1756
1028,16.0,2403
1029,20.0,1777
1030,17.0,2188
1031,17.0,1980
1032,18.0,2108
1033,18.0,1970
1034,18.0,1823
1035,18.0,2137
1036,19.0,1778
1037,18.0,2032
1038,16.0,2406
1039,20.0,1853
1040,13.0,2599
1041,13.0,2782
1042,18.0,2216
1043,18.0,1922
1044,20.0,1821
1045,17.0,2155
1046,17.0,2366
1047,18.0,2065
1048,18.0,1900
1049,17.0,2203
1050,20.0,1849
1051,19.0,1841
1052,18.0,2018
1053,17.0,2126
1054,17.0,2106
1055,17.0,2524
1056,16.0,2027
1057,17.0,2118
1058,20.0,1801
1059,16.0,2718
1060,18.0,2100
1061,21.0,1722
1062,19.0,1940
1063,19.0,1951
1064,16.0,2296
1065,20.0,1804
1066,17.0,2120
1067,17.0,1960
1068,19.0,1809
1069,18.0,1982
1070,17.0,2200
1071,19.0,1899
1072,19.0,2187
1073,19.0,2010
1074,19.0,1851
1075,19.0,1812
1076,20.0,1879
1077,19.0,1928
1078,15.0,2260
1079,18.0,2102
1080,21.0,1705
1081,18.0,2360
1082,18.0,2143
1083,16.0,2381
1084,20.0,1775
1085,21.0,1767
1086,19.0,2020
1087,18.0,1981
1088,18.0,2151
1089,17.0,2089
1090,19.0,1897
1091,18.0,2188
1092,18.0,1939
1093,18.0,2028
1094,20.0,1851
1095,20.0,1755
1096,17.0,2050
1097,17.0,1903
1098,19.0,1946
1099,17.0,2288
1100,16.0,2342
1101,17.0,2146
1102,18.0,1975
1103,19.0,2073
1104,19.0,2045
1105,19.0,1914
1106,18.0,2178
1107,21.0,1706
1108,20.0,1775
1109,17.0,2269
1110,19.0,1975
1111,17.0,2001
1112,17.0,2034
1113,14.0,2632
1114,20.0,1779
1115,18.0,2174
1116,18.0,1931
1117,17.0,1958
1118,18.0,1906
1119,18.0,1986
1120,17.0,2277
1121,19.0,1916
1122,13.0,2553
1123,17.0,2047
1124,20.0,1848
1125,18.0,2179
1126,17.0,2112
1127,19.0,1858
1128,19.0,1917
1129,18.0,2089
1130,19.0,1951
1131,17.0,2043
1132,17.0,2065
1133,18.0,2328
1134,16.0,2349
1135,17.0,2297
1136,19.0,1901
1137,19.0,2081
1138,20.0,1887
1139,12.0,2513
1140,18.0,2095
1141,17.0,2297
1142,20.0,1923
1143,18.0,1985
1144,17.0,2087
1145,17.0,2144
1146,19.0,2240
1147,16.0,2024
1148,17.0,2358
1149,19.0,1835
1150,17.0,2052
1151,19.0,2068
1152,17.0,2103
1153,19.0,2116
1154,20.0,1858
1155,19.0,1922
1156,18.0,2240
1157,20.0,1831
1158,16.0,2358
1159,18.0,2014
1160,19.0,1929
1161,16.0,2414
1162,18.0,2093
1163,16.0,2398
1164,18.0,2061
1165,13.0,2792
1166,16.0,2610
1167,20.0,1836
1168,18.0,2087
1169,15.0,2651
1170,16.0,2450
1171,16.0,2755
1172,19.0,2140
1173,20.0,1891
1174,18.0,2030
1175,17.0,2241
1176,19.0,1994
1177,19.0,1821
1178,20.0,1880
1179,17.0,2065
1180,18.0,2266
1181,19.0,1895
1182,20.0,1861
1183,20.0,1870
1184,20.0,1818
1185,18.0,2010
1186,20.0,1760
1187,20.0,1858
1188,18.0,2076
1189,20.0,1953
1190,21.0,1705
1191,16.0,2327
1192,21.0,1704
1193,17.0,2045
1194,18.0,1982
1195,18.0,2086
1196,20.0,1880
1197,16.0,2364
1198,19.0,2364
1199,19.0,2017
1200,20.0,1818
1201,16.0,2756
1202,20.0,1905
1203,18.0,2072
1204,20.0,1826
1205,19.0,1828
1206,20.0,1850
1207,19.0,2168
1208,18.0,1927
1209,18.0,1975
1210,18.0,2027
1211,20.0,1767
1212,18.0,2145
1213,19.0,1914
1214,17.0,2228